{
    "K": [
        [
            1633.6,
            0,
            943.253
        ],
        [
            0,
            1628.87,
            556.807
        ],
        [
            0,
            0,
            1
        ]
    ],
    "D": [
        -0.22013,
        0.183647,
        0.0000728155,
        0.000775779,
        0.0522534
    ],
    "R": [
        [
            0.1335135198,
            0.03326777237,
            -0.990488436
        ],
        [
            -0.0915408926,
            0.9955775666,
            0.02109909261
        ],
        [
            0.9868100136,
            0.08785535967,
            0.1359684998
        ]
    ],
    "t": [
        [
            20.95844462
        ],
        [
            126.5796499
        ],
        [
            284.6599169
        ]
    ]
}