{
  "R": [
    [
      0.19931284,
      0.97960258,
      -0.02555736
    ],
    [
      0.66824152,
      -0.15494591,
      -0.72762974
    ],
    [
      -0.71674798,
      0.12794746,
      -0.68549382
    ]
  ],
  "t": [
    [
      15.19145
    ],
    [
      39.723566
    ],
    [
      230.83582
    ]
  ]
}