{
    "K": [
        [
            1066.0120360637927, 0.0, 945.5875275108556
        ],
        [
            0.0, 1068.870839991165, 520.0699401235653
        ],
        [
            0, 0, 1
        ]
    ],
    "D": [
            0.059360108008991816,
            -0.06275828799983664,
            -0.0015766859436148536,
            -0.0011502971845708829,
            0.007765753149147602
    ],

    "R": [
        [
            0.68549382,
            -0.72762974,
            -0.02555736
        ],
        [
            0.12794746,
            0.15494591,
            -0.97960258
        ],
        [
            0.71674798,
            0.66824152,
            0.19931284
        ]
    ],
    "t": [
        [
            -0.01519145
        ],
        [
            -0.39723566
        ],
        [
            1.4983582
        ]
    ]
}