{
    "K": [
        [
            1059.95,
            0,
            954.88
        ],
        [
            0,
            1053.93,
            523.74
        ],
        [
            0,
            0,
            1
        ]
    ],
    "D": [
            0.05626844117093032,
            -0.0741991413086948,
            0.0014250797540545752,
            -0.0016951722389720336,
            0.024107681263086548
    ],

    "R": [
        [
            0.68549382,
            -0.72762974,
            -0.02555736
        ],
        [
            0.12794746,
            0.15494591,
            -0.97960258
        ],
        [
            0.71674798,
            0.66824152,
            0.19931284
        ]
    ],
    "t": [
        [
            -0.01519145
        ],
        [
            -0.39723566
        ],
        [
            1.4983582
        ]
    ]
}